[
  {
    "id": "d1009433-20f4-463c-833e-2fbc43e6e678",
    "data": [
      {
        "text": "show ",
        "userDefined": false
      },
      {
        "text": "technology",
        "alias": "categoryName",
        "meta": "@categoryName",
        "userDefined": true
      },
      {
        "text": " news",
        "userDefined": false
      }
    ],
    "isTemplate": false,
    "count": 0
  },
  {
    "id": "a5f7cd2f-2eb2-41c2-b977-8aea6c13e491",
    "data": [
      {
        "text": "give ",
        "userDefined": false
      },
      {
        "text": "technology",
        "alias": "categoryName",
        "meta": "@categoryName",
        "userDefined": true
      },
      {
        "text": " news",
        "userDefined": false
      }
    ],
    "isTemplate": false,
    "count": 0
  },
  {
    "id": "b12b6dd3-a84b-4e66-a22d-696deca33b33",
    "data": [
      {
        "text": "give ",
        "userDefined": false
      },
      {
        "text": "sport",
        "alias": "categoryName",
        "meta": "@categoryName",
        "userDefined": true
      },
      {
        "text": " news",
        "userDefined": false
      }
    ],
    "isTemplate": false,
    "count": 0,
    "updated": 1513686656
  }
]